{"nodes": {"0": {"bias": -0.8028492944125858, "layer": 0}, "1": {"bias": -0.5521573626074634, "layer": 0}, "2": {"bias": 0.6764510858456538, "layer": 0}, "3": {"bias": 0.2207702635247537, "layer": 0}, "4": {"bias": 0.39820436616822774, "layer": 1}}, "connections": [[0, 4, -0.9953462879248804, true], [1, 4, 0.4236468939443616, true], [2, 4, 0.08512918958823357, true], [3, 4, 0.01599725186696843, true]], "input_keys": [0, 1, 2, 3], "output_keys": [4]}